sep=;
datum;I.blokk;II.blokk;III.blokk;IV.blokk
2024.02.13 17:22;515,7;516,4;515,3;0
2024.02.13 17:23;515,7;516,4;515,3;0
2024.02.13 17:24;515,7;516,4;515,3;0
2024.02.13 17:31;516;515,2;516,5;0
2024.02.13 17:33;516;515,2;516,5;0
2024.02.13 17:34;516;515,2;516,5;0
2024.02.13 17:35;516;515,2;516,5;0
2024.02.13 18:09;516,5;514,3;515,7;0
2024.02.13 18:20;515,1;515,6;515,2;0
2024.02.13 18:21;515,7;513,2;514,9;0
2024.02.13 18:35;514,6;513,9;515,1;0
2024.02.13 18:46;515,7;514,3;514,8;0
2024.02.13 18:58;515;512,5;514;0
2024.02.13 19:14;515,4;514,2;516,1;0
2024.02.13 19:26;515,3;513,8;514,9;0
2024.02.13 19:37;515,8;513,3;515,2;0
2024.02.13 19:49;515,3;512,7;515,5;0
2024.02.13 20:03;515,7;512,5;514;0
2024.02.13 20:22;516,7;513,5;514;0
2024.02.13 20:35;516,5;513,4;515,5;0
2024.02.13 20:46;516,2;514,8;515,7;0
2024.02.13 20:58;516,4;514,5;516,3;0
2024.02.13 21:16;515,4;512;516,2;0
2024.02.13 21:28;516,5;513,9;515,7;0
2024.02.13 21:39;516,2;513,7;516,6;0
2024.02.13 21:51;516,1;514,5;516,1;0
2024.02.13 22:10;516,4;512,7;515,6;0
2024.02.13 22:28;515,5;512,3;515;0
2024.02.13 22:40;516;512,9;513,4;0
2024.02.13 22:52;515,8;513,1;514;0
2024.02.13 23:09;516,5;513,6;515,7;0
2024.02.13 23:23;516,4;512,2;515,6;0
2024.02.13 23:35;516,4;512,7;513,8;0
2024.02.13 23:46;516,2;513,4;514,9;0
2024.02.13 23:58;516,4;513,4;515;0
2024.02.14 01:18;516,6;512;514,4;0
2024.02.14 01:58;515,8;512,5;514,5;0
2024.02.14 02:23;516,4;513,1;515,2;0
2024.02.14 02:35;516,2;513,5;515,1;0
2024.02.14 02:46;515,7;512,9;515,3;0
2024.02.14 02:58;515,8;513,7;513,7;0
2024.02.14 03:20;515,5;513,6;515,8;0
2024.02.14 03:31;516;515,1;516,4;0
2024.02.14 03:43;515,8;513,3;514,5;0
2024.02.14 03:54;515,3;513,4;515,2;0
2024.02.14 04:17;514,8;512,5;510,7;0
2024.02.14 04:29;515,6;513,5;514,7;0
2024.02.14 04:41;515,7;515,7;515,2;0
2024.02.14 04:53;515,7;514,7;516,1;0
2024.02.14 05:12;515,8;515,3;514,6;0
2024.02.14 05:27;514,8;513,5;515,7;0
2024.02.14 05:38;515,8;514;515,7;0
2024.02.14 05:50;515,1;514,7;516,2;0
2024.02.14 06:10;515,4;515,4;516,4;0
2024.02.14 06:28;515,4;513,9;514,1;0
2024.02.14 06:39;515,5;515,5;515,1;0
2024.02.14 06:51;515,6;516,6;515,4;0
2024.02.14 07:10;516,5;514,6;513,6;0
2024.02.14 07:22;516,2;514,7;514,8;0
2024.02.14 07:34;516,1;515,2;514,7;0
2024.02.14 07:46;516,1;516,2;515,3;0
2024.02.14 07:57;515,3;514,7;514,3;0
2024.02.14 08:22;515,7;513,9;513,8;0
2024.02.14 08:35;515,7;514,5;514,4;0
2024.02.14 08:46;517;515,9;515,5;0
2024.02.14 08:58;516,4;515,4;514,8;0
2024.02.14 09:18;516,1;514,8;515,8;0
2024.02.14 09:29;516,4;513,2;514,2;0
2024.02.14 09:41;516,5;514,4;515,3;0
2024.02.14 09:53;516,2;515,3;515,6;0
2024.02.14 10:12;516,2;516,1;514,8;0
2024.02.14 10:29;515,8;515,1;513,6;0
2024.02.14 10:41;515,7;516,4;514,8;0
2024.02.14 10:53;515,8;516,1;514,5;0
2024.02.14 11:11;515,9;517,6;514,1;0
2024.02.14 11:22;516,2;518,1;514,5;0
2024.02.14 11:34;515,8;518,8;514,6;0
2024.02.14 11:46;515,9;518,3;515,1;0
2024.02.14 11:58;516,4;516,8;513;0
2024.02.14 12:33;515,6;513,9;513,9;0
2024.02.14 12:51;515,6;516;514,6;0
2024.02.14 13:10;516,7;514,1;514,8;0
2024.02.14 13:23;515,3;514,9;515,1;0
2024.02.14 13:35;515;513,5;514,5;0
2024.02.14 13:46;515,8;515,8;516,2;0
2024.02.14 13:58;515,8;515;515,4;0
2024.02.14 14:19;515,6;516,4;511;0
2024.02.14 14:31;515,7;516,3;514,7;0
2024.02.14 14:42;515,9;516,2;514,9;0
2024.02.14 14:54;515,3;515,6;514;0
2024.02.14 15:13;515,7;517,3;515,5;0
2024.02.14 15:25;515,6;516;514,6;0
2024.02.14 15:37;515,6;517;515,4;0
2024.02.14 15:49;516,4;516,5;514,9;0
2024.02.14 16:06;515,8;516,3;514,9;0
2024.02.14 16:28;515,9;517,9;515,2;0
2024.02.14 16:39;515,4;515,3;514,4;0
2024.02.14 16:51;515,5;515;515,3;0
2024.02.14 17:08;515,3;516,1;515,8;0
2024.02.14 17:24;515,7;516;514,3;0
2024.02.14 17:36;515,6;514,6;515,5;0
2024.02.14 17:47;515,1;515,1;514,5;0
2024.02.14 17:59;515,6;515,7;514,1;0
2024.02.14 18:23;515,7;515,9;515;0
2024.02.14 18:36;515,7;516,8;514,5;0
2024.02.14 18:48;514,9;516,7;515,7;0
2024.02.14 18:59;515,8;516,8;516,1;0
2024.02.14 19:14;515,3;516,6;517,1;0
2024.02.14 19:26;515,3;515,4;515,8;0
2024.02.14 19:38;514,6;515,6;514,7;0
2024.02.14 19:50;514,2;516,2;514,8;0
2024.02.14 20:07;515,5;514,4;515,2;0
2024.02.14 20:22;515,3;515,4;511,2;0
2024.02.14 20:35;516,3;515,8;513,5;0
2024.02.14 20:46;515;515,6;513,6;0
2024.02.14 20:58;516,1;515;513,7;0
2024.02.14 21:16;514,5;515,1;515,2;0
2024.02.14 21:27;514,8;514,6;514;0
2024.02.14 21:39;515,9;516,4;513,5;0
2024.02.14 21:51;515,6;514,5;512,7;0
2024.02.14 22:08;516,1;514,2;513,1;0
2024.02.14 22:26;515;515,3;512,4;0
2024.02.14 22:38;515,5;513,8;512,3;0
2024.02.14 22:49;515,9;516,5;513,3;0
2024.02.14 23:06;516,2;517,3;514,6;0
2024.02.14 23:23;515,7;515,6;515,8;0
2024.02.14 23:35;515,3;514,9;515,3;0
2024.02.14 23:46;516,4;513,9;515,2;0
2024.02.14 23:58;516,2;512,9;515,5;0
2024.02.15 01:17;517,2;514,7;515,3;0
2024.02.15 01:58;516,2;513,4;515,9;0
2024.02.15 02:24;516,5;513,6;515,2;0
2024.02.15 02:36;516,7;514,9;516,2;0
2024.02.15 02:48;516,2;513,9;514,9;0
2024.02.15 02:59;516,7;515,2;516,7;0
2024.02.15 03:21;515,9;513,6;515,5;0
2024.02.15 03:33;516,7;513,9;515,3;0
2024.02.15 03:45;515,8;513,8;515,1;0
2024.02.15 03:56;515,9;514,6;516;0
2024.02.15 04:21;515,9;513,8;515,3;0
2024.02.15 04:33;517;513,5;516,5;0
2024.02.15 04:44;517,3;514,7;517,9;0
2024.02.15 04:56;516,9;514;514,4;0
2024.02.15 05:17;516,6;513,7;516,4;0
2024.02.15 05:29;516,2;514;515,4;0
2024.02.15 05:40;516,2;516,1;517,3;0
2024.02.15 05:52;515,8;516,4;516,4;0
2024.02.15 06:14;516,1;513,6;514,2;0
2024.02.15 06:30;516,2;514,5;516,2;0
2024.02.15 06:41;516,5;514,4;515,5;0
2024.02.15 06:53;516,8;513,9;515,2;0
2024.02.15 07:10;516,5;513,1;514,7;0
2024.02.15 07:22;516,4;512,6;512,9;0
2024.02.15 07:35;516,6;513,4;515,5;0
2024.02.15 07:46;516,8;514,7;514,5;0
2024.02.15 07:58;516,4;514,2;514,4;0
2024.02.15 08:22;515,7;514;514,9;0
2024.02.15 08:34;515,7;513,8;513,4;0
2024.02.15 08:46;517,3;512,2;513,2;0
2024.02.15 08:58;515,9;513,9;513,7;0
2024.02.15 09:21;515,8;514,5;514;0
2024.02.15 09:33;515,8;513,6;512,6;0
2024.02.15 09:45;516,2;514,5;513,4;0
2024.02.15 09:56;515,9;516,4;514,2;0
2024.02.15 10:20;515,6;516,4;515,7;0
2024.02.15 10:32;515,8;515,9;514,5;0
2024.02.15 10:44;515,4;517,3;514,9;0
2024.02.15 10:56;516;515,8;514,6;0
2024.02.15 11:14;516,1;520;515;0
2024.02.15 11:26;516,4;519;517;0
2024.02.15 11:38;516,3;516,6;516,5;0
2024.02.15 11:49;516,5;516;515,9;0
2024.02.15 12:10;515,7;511,4;517,1;0
2024.02.15 12:38;516,8;515,1;516,4;0
2024.02.15 12:54;516,1;513,6;516;0
2024.02.15 13:15;517,1;513,8;518,1;0
2024.02.15 13:27;516,1;515,1;515,8;0
2024.02.15 13:39;516,2;514,3;515,9;0
2024.02.15 13:51;515,8;513,8;515,3;0
2024.02.15 14:07;516;513,1;515;0
2024.02.15 14:25;516,1;514,9;516,5;0
2024.02.15 14:36;516,5;515,1;516;0
2024.02.15 14:48;516,6;514,6;516,7;0
2024.02.15 15:00;517,1;514,5;514,6;0
2024.02.15 15:19;517,3;512,9;516,7;0
2024.02.15 15:30;516,3;513,6;515,2;0
2024.02.15 15:42;516,9;513,9;517,9;0
2024.02.15 15:53;516,6;514,4;517,4;0
2024.02.15 16:16;516,5;512,9;515,8;0
2024.02.15 16:31;516,5;515,2;516,5;0
2024.02.15 16:43;517,3;514,1;516,5;0
2024.02.15 16:55;517;516,2;517,1;0
2024.02.15 17:14;517;511,7;515;0
2024.02.15 17:27;517;513,3;514,5;0
2024.02.15 17:38;516,4;513,8;515,1;0
2024.02.15 17:50;516,1;513,9;512,7;0
2024.02.15 18:09;515,9;513;515,2;0
2024.02.15 18:27;516,3;513,9;515,5;0
2024.02.15 18:39;517,3;514,3;515,3;0
2024.02.15 18:50;516,2;514,8;514,1;0
2024.02.15 19:07;516,2;512,2;513,5;0
2024.02.15 19:19;516,4;515,2;513,3;0
2024.02.15 19:30;516;513,8;514,7;0
2024.02.15 19:42;515,3;514,5;514;0
2024.02.15 19:54;515,9;513,9;513,8;0
2024.02.15 20:12;515,8;514,6;515,3;0
2024.02.15 20:23;516,5;514,8;514,8;0
2024.02.15 20:36;515,3;513,7;514,3;0
2024.02.15 20:48;515;512,2;513,5;0
2024.02.15 20:59;516,3;514,7;514;0
2024.02.15 21:17;515,8;514,8;513,1;0
2024.02.15 21:29;516,1;513,6;512,4;0
2024.02.15 21:40;515,5;513,6;514,2;0
2024.02.15 21:52;515,6;513,3;512,5;0
2024.02.15 22:09;516,1;513,8;513,6;0
2024.02.15 22:26;516,8;515,4;514,8;0
2024.02.15 22:37;516,2;514,6;513,3;0
2024.02.15 22:49;515,4;512,8;512,3;0
2024.02.15 23:06;515,7;513;515,3;0
2024.02.15 23:22;515,9;513,8;514,8;0
2024.02.15 23:34;515,7;512,9;515,4;0
2024.02.15 23:46;515,7;514,1;514,9;0
2024.02.15 23:57;515,8;513,3;514,2;0
2024.02.16 01:17;515,6;514,1;514,5;0
2024.02.16 01:58;516,2;515,3;514,9;0
2024.02.16 02:23;516,7;513,2;514,4;0
2024.02.16 02:34;517,3;514,4;514,8;0
2024.02.16 02:46;516,7;514,1;514,3;0
2024.02.16 02:58;517,1;515;515,5;0
2024.02.16 03:20;516,2;515,5;515,1;0
2024.02.16 03:31;516,9;512,5;515,2;0
2024.02.16 03:43;517;514,9;513,9;0
2024.02.16 03:54;516,8;513,8;513,4;0
2024.02.16 04:17;516,9;513,6;513,9;0
2024.02.16 04:28;516,6;514,2;514;0
2024.02.16 04:40;516,7;514,6;515,6;0
2024.02.16 04:52;516,8;514,1;512,7;0
2024.02.16 05:11;516,5;513,9;512,6;0
2024.02.16 05:27;516,9;514,3;511,9;0
2024.02.16 05:39;516,9;515,3;512,9;0
2024.02.16 05:50;517,5;515,7;514,6;0
2024.02.16 06:10;515,9;513,3;512,7;0
2024.02.16 06:29;517;516,3;516,2;0
2024.02.16 06:40;516,7;514;513,7;0
2024.02.16 06:52;516,7;514,3;513,5;0
2024.02.16 07:09;517;514;514,1;0
2024.02.16 07:21;516,3;514,7;515,5;0
2024.02.16 07:33;517;514,3;513,3;0
2024.02.16 07:44;515,3;511,9;513,1;0
2024.02.16 07:56;516,2;516;513,5;0
2024.02.16 08:21;516,4;514,3;514,5;0
2024.02.16 08:34;516,9;512,9;511,7;0
2024.02.16 08:45;516,5;514,4;513,7;0
2024.02.16 08:57;515,9;511,8;513,8;0
2024.02.16 09:17;516,1;514,8;514,3;0
2024.02.16 09:29;515,8;513,3;514,1;0
2024.02.16 09:40;515,1;512,5;513,3;0
2024.02.16 09:52;515,8;513,7;513,1;0
2024.02.16 10:10;516,4;514,1;512,4;0
2024.02.16 10:29;516,1;513,8;512,9;0
2024.02.16 10:41;516;512,2;513,1;0
2024.02.16 10:53;515,9;515,2;515,1;0
2024.02.16 11:09;515,9;511,6;513,1;0
2024.02.16 11:20;516,5;515,6;514;0
2024.02.16 11:32;516,5;512,8;513,9;0
2024.02.16 11:43;516,1;513,6;512,6;0
2024.02.16 11:55;515,8;515,3;513,7;0
2024.02.16 12:28;516,9;513,4;514,2;0
2024.02.16 12:48;516,2;515;515,3;0
2024.02.16 13:01;516,6;512,9;513,5;0
2024.02.16 13:20;516,7;515,2;515,5;0
2024.02.16 13:32;515,9;514,3;514,9;0
2024.02.16 13:44;516,5;511,8;515,4;0
2024.02.16 13:56;516,4;512,4;516,6;0
2024.02.16 14:16;517,1;514,3;517,1;0
2024.02.16 14:29;517,1;515,7;517,7;0
2024.02.16 14:40;516,6;514,8;516,1;0
2024.02.16 14:52;516,1;514;514,4;0
2024.02.16 15:11;516,1;514,7;514,6;0
2024.02.16 15:24;516,7;515,8;516;0
2024.02.16 15:36;515,9;513,8;515,2;0
2024.02.16 15:47;516,5;514,6;515,5;0
2024.02.16 15:59;516,2;513,2;514;0
2024.02.16 16:23;516,2;514,6;515,1;0
2024.02.16 16:36;517,1;514,6;516,5;0
2024.02.16 16:48;516,7;515;515,4;0
2024.02.16 16:59;515;513,1;515;0
2024.02.16 17:18;516,5;514,3;514,5;0
2024.02.16 17:29;516,7;515,8;516,5;0
2024.02.16 17:41;516,2;513,3;514,7;0
2024.02.16 17:52;515,4;514,6;514,2;0
2024.02.16 18:14;515,6;513,8;515,5;0
2024.02.16 18:29;516,1;512,6;514;0
2024.02.16 18:41;515,9;513,5;513,1;0
2024.02.16 18:52;516,2;514,1;514,1;0
2024.02.16 19:10;516,7;513,3;514;0
2024.02.16 19:21;515,9;514,2;512,2;0
2024.02.16 19:33;517,4;512,5;515;0
2024.02.16 19:45;517,3;513,6;512,9;0
2024.02.16 19:57;516,9;514;513,5;0
2024.02.16 20:17;516,6;516,4;515;0
2024.02.16 20:29;517,7;515,7;514,6;0
2024.02.16 20:41;516,9;514,6;514,7;0
2024.02.16 20:52;516,8;513,7;514,7;0
2024.02.16 21:09;516,7;513;513,3;0
2024.02.16 21:21;517,1;514,6;514,9;0
2024.02.16 21:32;517,1;513,1;514,5;0
2024.02.16 21:44;517,1;513,6;514;0
2024.02.16 21:56;517,5;513,3;513,7;0
2024.02.16 22:16;516,9;513,8;514;0
2024.02.16 22:28;517,2;514,7;514,8;0
2024.02.16 22:40;516,5;513;514,4;0
2024.02.16 22:51;517,1;513,8;515,6;0
2024.02.16 23:08;516,9;510,4;514,8;0
2024.02.16 23:21;517,1;510,8;512;0
2024.02.16 23:34;517,3;513,2;513,1;0
2024.02.16 23:46;517,3;511;511,6;0
2024.02.16 23:58;516,6;510,5;511,3;0
2024.02.17 01:16;516,8;512,7;513,1;0
2024.02.17 01:56;515,8;510,6;512,8;0
2024.02.17 02:21;515,5;511,9;513,9;0
2024.02.17 02:34;515,8;510,6;512,6;0
2024.02.17 02:46;516,4;513,3;513,7;0
2024.02.17 02:57;515,3;511,3;512,7;0
2024.02.17 03:19;514,9;511,3;511,2;0
2024.02.17 03:30;515,8;511,8;512,9;0
2024.02.17 03:42;515,6;510,8;511,7;0
2024.02.17 03:53;515,7;511;512,6;0
2024.02.17 04:16;515;510,8;512,5;0
2024.02.17 04:32;515,6;510,2;512,2;0
2024.02.17 04:44;516,4;512,5;512,2;0
2024.02.17 04:55;514,8;511,8;513;0
2024.02.17 05:14;516,8;511,4;513,4;0
2024.02.17 05:26;515,7;511,4;512,2;0
2024.02.17 05:38;515,6;512,6;514,3;0
2024.02.17 05:50;515,3;512,3;512;0
2024.02.17 06:08;515,5;510,5;512,3;0
2024.02.17 06:26;515,3;511,4;510,9;0
2024.02.17 06:37;515,7;512,5;512,9;0
2024.02.17 06:49;515,8;511,4;512,1;0
2024.02.17 07:03;515;509,2;510,7;0
2024.02.17 07:17;514,9;510,4;510,8;0
2024.02.17 07:29;515,2;509,3;511,4;0
2024.02.17 07:40;515,7;512,6;512,7;0
2024.02.17 07:52;516,9;512,3;512,3;0
2024.02.17 08:12;515,7;513,3;511,4;0
2024.02.17 08:26;515,5;507,4;511,3;0
2024.02.17 08:38;517,1;509,2;511,5;0
2024.02.17 08:49;515,7;511,1;512,3;0
2024.02.17 09:06;516,6;511,9;511,4;0
2024.02.17 09:19;516,9;513,7;513,1;0
2024.02.17 09:31;516,6;512,6;512,8;0
2024.02.17 09:43;516,2;511,8;514;0
2024.02.17 09:55;515,8;513,3;514,7;0
2024.02.17 10:14;516,5;514,3;515,3;0
2024.02.17 10:28;517,3;512,6;514;0
2024.02.17 10:40;516,7;513,6;515,6;0
2024.02.17 10:51;516,5;512,8;514,7;0
2024.02.17 11:07;516,2;511,8;512,2;0
2024.02.17 11:18;517,1;514,3;514,6;0
2024.02.17 11:30;517,2;511,8;513;0
2024.02.17 11:42;517,3;512,3;515;0
2024.02.17 11:53;516,5;510;513,5;0
2024.02.17 12:20;517,1;514,6;514;0
2024.02.17 12:41;516,2;511,7;513,5;0
2024.02.17 12:54;516,2;512,5;514,6;0
2024.02.17 13:14;516,1;510,7;513,7;0
2024.02.17 13:25;517,6;511,4;513,7;0
2024.02.17 13:37;516,6;513,4;513,3;0
2024.02.17 13:48;515,8;512;513,7;0
2024.02.17 14:00;517,3;512,5;512,1;0
2024.02.17 14:19;515,7;510,7;512,4;0
2024.02.17 14:31;516,8;511,8;514,7;0
2024.02.17 14:43;516,2;512,1;514,4;0
2024.02.17 14:55;516,9;513,8;513,9;0
2024.02.17 15:14;517,1;512;513,5;0
2024.02.17 15:26;517,1;513,1;513,9;0
2024.02.17 15:37;517,1;514,9;514,7;0
2024.02.17 15:49;517,2;514,7;514,2;0
2024.02.17 16:02;517,1;513,9;514,8;0
2024.02.17 16:24;516,9;512,1;514,9;0
2024.02.17 16:36;517;511;512,6;0
2024.02.17 16:47;516,6;511;513,9;0
2024.02.17 16:59;516,4;513,8;512,5;0
2024.02.17 17:20;517,3;513,3;514,5;0
2024.02.17 17:32;517,5;513,3;515,7;0
2024.02.17 17:43;517,1;509,1;513,7;0
2024.02.17 17:55;517;510,1;513,7;0
2024.02.17 18:17;516,3;512;513,7;0
2024.02.17 18:29;517,6;511,2;514,1;0
2024.02.17 18:40;516,7;510,3;513,1;0
2024.02.17 18:52;516,8;512,5;514,1;0
2024.02.17 19:08;516,8;510,6;513,1;0
2024.02.17 19:20;516,4;512,4;514;0
2024.02.17 19:32;517;511,5;514,8;0
2024.02.17 19:43;517,1;513,7;514,9;0
2024.02.17 19:55;517,5;510,5;513,7;0
2024.02.17 20:14;516,7;513,6;514,9;0
2024.02.17 20:26;516,8;512,6;514,8;0
2024.02.17 20:38;516,8;509,2;513,3;0
2024.02.17 20:49;515,9;510,6;513,4;0
2024.02.17 21:04;518,1;511,3;514,6;0
2024.02.17 21:17;517,9;513,7;514,2;0
2024.02.17 21:28;517,2;510,9;513,3;0
2024.02.17 21:40;515;509,4;513,6;0
2024.02.17 21:51;514;511,8;513,1;0
2024.02.17 22:09;512,1;511,4;513,1;0
2024.02.17 22:27;511,5;512,6;514,3;0
2024.02.17 22:39;510,1;509,9;513,2;0
2024.02.17 22:51;512;511,7;515,1;0
2024.02.17 23:07;512,7;510,9;514,4;0
2024.02.17 23:20;512,8;516,4;516,4;0
2024.02.17 23:32;511,2;510,9;513,6;0
2024.02.17 23:44;515,3;511;513,7;0
2024.02.17 23:55;516,5;509,5;512,2;0
2024.02.18 01:13;516,8;514;515;0
2024.02.18 02:00;517,5;511,8;514,4;0
2024.02.18 02:25;517,8;510,4;512,9;0
2024.02.18 02:37;517;511;513,3;0
2024.02.18 02:48;517;509,9;511,7;0
2024.02.18 03:00;517,1;511,5;514,1;0
2024.02.18 03:20;518,9;513,9;516,4;0
2024.02.18 03:33;517,8;512;512,4;0
2024.02.18 03:44;517,5;511,5;512,5;0
2024.02.18 03:56;517,7;512,3;514,1;0
2024.02.18 04:18;516,7;509;512,2;0
2024.02.18 04:30;517,3;511,2;513,6;0
2024.02.18 04:42;518,3;511,4;513,8;0
2024.02.18 04:53;517,1;510,1;512,8;0
2024.02.18 05:11;517,5;510,4;513,3;0
2024.02.18 05:26;517,7;511,6;514,2;0
2024.02.18 05:38;517,5;510,1;514,5;0
2024.02.18 05:49;517,7;512,3;515,2;0
2024.02.18 06:08;517,7;510,5;513,8;0
2024.02.18 06:26;517;509,9;514,8;0
2024.02.18 06:38;517,3;509,7;512,6;0
2024.02.18 06:50;516,7;509,1;512,6;0
2024.02.18 07:07;517,5;510,4;514,7;0
2024.02.18 07:22;516,2;509,5;511,4;0
2024.02.18 07:34;517,1;509,3;513;0
2024.02.18 07:46;517,3;510,5;514,5;0
2024.02.18 07:57;517,1;511,1;513,3;0
2024.02.18 08:21;517,1;511,9;514,1;0
2024.02.18 08:35;517,1;511;514,3;0
2024.02.18 08:47;516,5;509,3;513,5;0
2024.02.18 08:58;516,9;511,2;511,9;0
2024.02.18 09:17;516,9;512,1;515,1;0
2024.02.18 09:29;515,6;510,3;513,1;0
2024.02.18 09:40;517,1;510,4;513,5;0
2024.02.18 09:52;516,7;510,1;513,3;0
2024.02.18 10:12;516,2;512,3;513;0
2024.02.18 10:28;516,5;510,8;514,2;0
2024.02.18 10:39;516,8;512,1;514;0
2024.02.18 10:51;516,7;510,3;512,7;0
2024.02.18 11:06;516,7;510;513,6;0
2024.02.18 11:18;516,7;512,5;515;0
2024.02.18 11:29;515,8;508,9;512,6;0
2024.02.18 11:41;516,6;511,1;513,3;0
2024.02.18 11:53;516,9;510,6;513,8;0
2024.02.18 12:19;515,9;512,8;514,1;0
2024.02.18 12:41;515,6;509,4;513,1;0
2024.02.18 12:54;515,7;511,9;514,4;0
2024.02.18 13:15;516,6;511,5;514,6;0
2024.02.18 13:27;517,1;510,1;513,5;0
2024.02.18 13:39;517;512,4;513,9;0
2024.02.18 13:51;516,5;512,2;513,9;0
2024.02.18 14:07;516,7;510,8;514;0
2024.02.18 14:24;517,1;513,5;514,7;0
2024.02.18 14:36;517,3;512,5;514,6;0
2024.02.18 14:47;516,5;511,3;512,7;0
2024.02.18 14:59;517,1;511,2;513,7;0
2024.02.18 15:19;516,4;508,7;513,3;0
2024.02.18 15:31;516,6;513,6;514,1;0
2024.02.18 15:42;517,1;511,5;513,3;0
2024.02.18 15:54;517,3;513;515,7;0
2024.02.18 16:16;517,3;508,1;513,3;0
2024.02.18 16:31;517,7;512,9;514,4;0
2024.02.18 16:43;517,4;513,6;515,3;0
2024.02.18 16:54;516,7;512;514;0
2024.02.18 17:13;516,4;507,8;511,9;0
2024.02.18 17:26;516,4;511,2;513,3;0
2024.02.18 17:38;516,7;512,7;514,7;0
2024.02.18 17:50;517,1;513,7;514,6;0
2024.02.18 18:07;517,2;511,5;515,2;0
2024.02.18 18:24;517,1;512,9;514,4;0
2024.02.18 18:36;518,7;511,3;514,4;0
2024.02.18 18:48;518,3;510,6;512,9;0
2024.02.18 18:59;518,9;513,2;514,3;0
2024.02.18 19:14;518,6;513,4;514,6;0
2024.02.18 19:25;518,6;510;514,4;0
2024.02.18 19:37;518,4;509,6;513;0
2024.02.18 19:49;518;511,8;513,9;0
2024.02.18 20:06;518,9;510,5;513,3;0
2024.02.18 20:21;518,5;509;513,5;0
2024.02.18 20:35;517,9;509,9;513,3;0
2024.02.18 20:46;517,5;510,2;513,6;0
2024.02.18 20:57;517,1;511,2;514,2;0
2024.02.18 21:14;517,7;511,1;513,9;0
2024.02.18 21:26;518,3;510,6;513,6;0
2024.02.18 21:38;517,7;511;513;0
2024.02.18 21:50;518,2;512;513,9;0
2024.02.18 22:06;517,1;510,4;512;0
2024.02.18 22:26;517,8;513;514,9;0
2024.02.18 22:38;517,5;510,3;513,6;0
2024.02.18 22:49;517,2;509,8;512,7;0
2024.02.18 23:04;518,1;509,2;513,5;0
2024.02.18 23:20;517,7;514,3;515,2;0
2024.02.18 23:32;516,7;512,3;515,1;0
2024.02.18 23:43;516,7;514,1;514,7;0
2024.02.18 23:55;517,4;512,7;515,7;0
2024.02.19 01:07;516,4;512,1;514,2;0
2024.02.19 01:57;516,5;513,3;514,2;0
2024.02.19 02:24;515,6;513,2;515,8;0
2024.02.19 02:36;516,1;513,6;514,9;0
2024.02.19 02:47;516,1;512,3;515,3;0
2024.02.19 02:59;515,5;512,4;514;0
2024.02.19 03:19;516,2;513,1;514,9;0
2024.02.19 03:31;516,6;514,8;514,8;0
2024.02.19 03:43;515,7;514,7;515,7;0
2024.02.19 03:54;516,2;514,4;515,2;0
2024.02.19 04:18;516,2;513,6;515,2;0
2024.02.19 04:30;516,4;515;513,8;0
2024.02.19 04:41;516,1;512,7;515,4;0
2024.02.19 04:53;515,8;512,9;514,2;0
2024.02.19 05:12;516,6;512;514,7;0
2024.02.19 05:27;518;514,1;516,1;0
2024.02.19 05:39;517,3;514,3;513,9;0
2024.02.19 05:50;517,3;513,9;514,8;0
2024.02.19 06:11;516,2;514,3;514,3;0
2024.02.19 06:29;516,6;512,2;514,4;0
2024.02.19 06:41;516,6;512,2;514,4;0
2024.02.19 06:53;517,1;513,9;514,3;0
2024.02.19 07:12;515,7;512,7;513,6;0
2024.02.19 07:24;516,1;512,7;513,5;0
2024.02.19 07:35;517;513,4;514,1;0
2024.02.19 07:47;516,2;515,2;513,8;0
2024.02.19 07:59;516,2;512,3;514,3;0
2024.02.19 08:23;516,8;513,9;514;0
2024.02.19 08:36;516,2;512,1;514,1;0
2024.02.19 08:48;516,5;512,5;514,7;0
2024.02.19 08:59;516,7;512,8;515,4;0
2024.02.19 09:19;516,4;514,5;514,3;0
2024.02.19 09:31;518;514;514,4;0
2024.02.19 09:42;516,7;514,7;516,5;0
2024.02.19 09:54;517,1;513;513,4;0
2024.02.19 10:15;516,7;512,5;514,6;0
2024.02.19 10:30;517,7;514,5;517,3;0
2024.02.19 10:42;517,5;511,9;514,9;0
2024.02.19 10:54;517,5;513;515,4;0
2024.02.19 11:11;517,3;513;514,6;0
2024.02.19 11:23;517,8;512,1;513;0
2024.02.19 11:35;518,7;513,2;515,6;0
2024.02.19 11:47;517,1;513,1;514;0
2024.02.19 11:58;517,3;513,9;515,1;0
2024.02.19 12:34;517,8;514,7;516,9;0
2024.02.19 12:52;517,5;514,5;517;0
2024.02.19 13:12;517,1;514,3;517,1;0
2024.02.19 13:24;517,1;513,7;516,2;0
2024.02.19 13:36;517,3;512,6;516,6;0
2024.02.19 13:47;517,4;513,8;516,5;0
2024.02.19 13:59;517,5;511,8;516,6;0
2024.02.19 14:20;517,5;514,2;516,7;0
2024.02.19 14:32;517,1;514,9;517,8;0
2024.02.19 14:44;517,3;514,4;514,8;0
2024.02.19 14:55;517,8;514,5;517,4;0
2024.02.19 15:17;517,5;514,2;515,4;0
2024.02.19 15:28;517,7;513;514,6;0
2024.02.19 15:40;517,2;515,1;517,3;0
2024.02.19 15:51;517,3;515,9;517,1;0
2024.02.19 16:13;517,1;513,1;514,9;0
2024.02.19 16:32;517,1;513,1;516;0
2024.02.19 16:43;517,5;512,9;516,2;0
2024.02.19 16:55;517,6;514,1;517,9;0
2024.02.19 17:14;516,8;512,6;516,5;0
2024.02.19 17:26;517,9;513,8;516,4;0
2024.02.19 17:38;519,2;514;518,1;0
2024.02.19 17:50;519,1;513,6;515;0
2024.02.19 18:09;518,8;513,8;515,4;0
2024.02.19 18:27;518,6;513,1;515,3;0
2024.02.19 18:39;518,8;513,4;516,1;0
2024.02.19 18:50;517,9;513,2;516,8;0
2024.02.19 19:06;517,3;514;516,5;0
2024.02.19 19:18;517,9;515,9;517,4;0
2024.02.19 19:29;519,3;514;517,4;0
2024.02.19 19:41;518;513,6;515,9;0
2024.02.19 19:53;519;513,5;516,5;0
2024.02.19 20:12;519,4;514,5;516,8;0
2024.02.19 20:24;519,1;513,6;516,8;0
2024.02.19 20:35;519,1;513,8;515,8;0
2024.02.19 20:47;518,6;514;514,2;0
2024.02.19 20:59;519;513,1;515,4;0
2024.02.19 21:17;519,2;512,6;513,7;0
2024.02.19 21:28;519,7;514,8;515,2;0
2024.02.19 21:40;520,6;514,4;515,2;0
2024.02.19 21:51;519,5;512,7;514,3;0
2024.02.19 22:09;519;512,3;514,4;0
2024.02.19 22:26;518,4;515;514,8;0
2024.02.19 22:38;519,1;513,2;514,2;0
2024.02.19 22:50;518,4;513;515,7;0
2024.02.19 23:06;518,7;511,6;514,8;0
2024.02.19 23:20;518,1;515,6;514,9;0
2024.02.19 23:32;518,5;514,2;515,8;0
2024.02.19 23:44;517,7;513,8;515,3;0
2024.02.19 23:55;518,3;512,9;514,8;0
2024.02.20 01:08;517,9;512,3;515,5;0
2024.02.20 01:55;518;513,8;517;0
2024.02.20 02:19;517,7;514,1;516,6;0
2024.02.20 02:30;518,3;513,4;515,9;0
2024.02.20 02:42;518;512,5;513,9;0
2024.02.20 02:54;517,8;514,2;515,5;0
2024.02.20 03:14;517,7;512,9;515,5;0
2024.02.20 03:26;518,3;513,4;514,1;0
2024.02.20 03:38;518,6;514,3;515,5;0
2024.02.20 03:50;518;513,4;514,8;0
2024.02.20 04:09;517,1;512,7;513,3;0
2024.02.20 04:29;517,6;513,5;515,1;0
2024.02.20 04:40;518,3;514,7;514,3;0
2024.02.20 04:52;518,4;514,7;515,1;0
2024.02.20 05:11;516,9;512,3;513,6;0
2024.02.20 05:28;517,8;515;514,7;0
2024.02.20 05:40;517,3;513,5;514,4;0
2024.02.20 05:52;518,3;516,1;516,6;0
2024.02.20 06:13;518,3;513,4;514,2;0
2024.02.20 06:29;517,7;513,9;513;0
2024.02.20 06:41;517,5;513,8;514,2;0
2024.02.20 06:52;516,8;513,6;514;0
2024.02.20 07:11;517,7;516,2;518;0
2024.02.20 07:23;516,6;512,8;514,9;0
2024.02.20 07:35;517,1;511,9;514,1;0
2024.02.20 07:47;517,3;514;515,5;0
2024.02.20 07:59;517,5;514,8;515,6;0
2024.02.20 08:22;517,4;513,6;514,2;0
2024.02.20 08:35;516,7;512,3;514,1;0
2024.02.20 08:47;516,7;512,5;514,5;0
2024.02.20 08:58;517,5;513;514,7;0
2024.02.20 09:18;515,7;513,5;514,5;0
2024.02.20 09:29;516,5;514;515,3;0
2024.02.20 09:41;516,9;512,6;513,4;0
2024.02.20 09:52;516,2;513,2;515,3;0
2024.02.20 10:11;516,7;513;514,6;0
2024.02.20 10:28;516,2;513,8;513;0
2024.02.20 10:40;516,7;513,4;514,8;0
2024.02.20 10:52;516,5;514,4;515,6;0
2024.02.20 11:09;516,4;512,9;514,6;0
2024.02.20 11:20;512,1;514,6;515,1;0
2024.02.20 11:33;512,2;513,4;513,2;0
2024.02.20 11:44;512,5;511,6;515,4;0
2024.02.20 11:55;512,3;512,3;515,8;0
2024.02.20 12:29;511,5;512,5;515,1;0
2024.02.20 12:49;511,5;511,9;515,1;0
2024.02.20 13:01;510,3;511,4;514,4;0
2024.02.20 13:22;512,9;513,7;514,5;0
2024.02.20 13:34;513;512,9;515,9;0
2024.02.20 13:46;511,3;511,2;514,9;0
2024.02.20 13:57;512,6;511,6;514,9;0
2024.02.20 14:18;512,6;511,9;515,2;0
2024.02.20 14:29;513,4;511,4;516,4;0
2024.02.20 14:41;513,4;510,8;517;0
2024.02.20 14:53;514,2;511,4;514,4;0
2024.02.20 15:12;511,2;509,5;513,4;0
2024.02.20 15:24;513,8;510,5;515,4;0
2024.02.20 15:36;513,5;511,2;516;0
2024.02.20 15:47;514,4;513,3;516,3;0
2024.02.20 15:59;513,3;512,3;513,9;0
2024.02.20 16:24;513,9;512,2;515,9;0
2024.02.20 16:37;512,9;512,3;514,1;0
2024.02.20 16:48;514,6;513;514,6;0
2024.02.20 17:01;515,1;512,2;514,9;0
2024.02.20 17:19;515,6;513,9;515,7;0
2024.02.20 17:31;516,8;514,9;515,6;0
2024.02.20 17:43;516,5;513,6;513,5;0
2024.02.20 17:54;515,7;513,8;514,7;0
2024.02.20 18:20;516,7;514,4;515,1;0
2024.02.20 18:33;515,8;513,8;515,5;0
2024.02.20 18:45;516,4;512,5;513,9;0
2024.02.20 18:56;516,3;514,1;515,3;0
2024.02.20 19:13;517,1;514,8;515,7;0
2024.02.20 19:25;516,9;512,7;514,9;0
2024.02.20 19:37;517,1;513,3;516,5;0
2024.02.20 19:49;517;514,2;515,5;0
2024.02.20 20:01;516,6;513;515,2;0
2024.02.20 20:20;516,5;512,7;514,9;0
2024.02.20 20:33;516,6;513;514,8;0
2024.02.20 20:44;517,1;513,7;515,1;0
2024.02.20 20:56;517,1;513,1;514,7;0
2024.02.20 21:14;516,8;514,9;515,6;0
2024.02.20 21:26;517,5;513,9;516,8;0
2024.02.20 21:38;516,6;514,6;516;0
2024.02.20 21:49;516,4;514,6;515;0
2024.02.20 22:06;516,2;512,1;516,2;0
2024.02.20 22:24;516,9;514,3;516,5;0
2024.02.20 22:36;517,2;512,7;516,3;0
2024.02.20 22:48;517,1;513,5;513,8;0
2024.02.20 22:59;517,5;514,1;513,4;0
2024.02.20 23:18;518;514;513,8;0
2024.02.20 23:29;517,7;513,6;512,8;0
2024.02.20 23:41;516,6;512,7;512,5;0
2024.02.20 23:53;516,6;514,2;513,2;0
2024.02.21 00:53;516,9;514,3;515,7;0
2024.02.21 01:47;515,7;511,8;513,6;0
2024.02.21 02:12;516,8;514,7;516,7;0
2024.02.21 02:28;515,9;512,9;513,3;0
2024.02.21 02:39;516,4;512,8;514,1;0
2024.02.21 02:51;515,7;513,2;513,6;0
2024.02.21 03:10;516,2;512,5;512,8;0
2024.02.21 03:23;516,2;513,1;516,3;0
2024.02.21 03:35;516,2;512,9;513,7;0
2024.02.21 03:47;515,5;513,4;514,8;0
2024.02.21 03:58;514,9;514,4;515,3;0
2024.02.21 04:22;515,8;513,9;513,5;0
2024.02.21 04:33;516,7;512,3;513,8;0
2024.02.21 04:45;518,8;514,8;514,4;0
2024.02.21 04:57;519,2;513,6;514,9;0
2024.02.21 05:18;518,3;513;515,3;0
2024.02.21 05:29;518,3;513,3;514,3;0
2024.02.21 05:41;519;514,8;515,9;0
2024.02.21 05:52;519;515,8;514,3;0
2024.02.21 06:15;519,1;514,6;514,6;0
2024.02.21 06:29;519,7;514,9;516,4;0
2024.02.21 06:41;518,7;516,4;516,1;0
2024.02.21 06:52;518,4;514;516;0
2024.02.21 07:10;518,8;514,9;515,8;0
2024.02.21 07:22;517,3;514;514,4;0
2024.02.21 07:34;519;513,2;514;0
2024.02.21 07:45;518,4;514,7;514,8;0
2024.02.21 07:57;517,6;512,5;514,5;0
2024.02.21 08:23;519,2;512,6;515,3;0
2024.02.21 08:36;517,7;513,3;513,7;0
2024.02.21 08:48;517,5;513;513,7;0
2024.02.21 08:59;517,7;512,5;514,7;0
2024.02.21 09:21;517,6;513;515,6;0
2024.02.21 09:34;517,5;511,4;516,1;0
2024.02.21 09:46;518,4;512,5;516,7;0
2024.02.21 09:57;518,3;514,8;517,8;0
2024.02.21 10:21;517,9;514,6;517;0
2024.02.21 10:34;517,5;515,2;517,4;0
2024.02.21 10:45;517,8;514,2;517,4;0
2024.02.21 10:56;517,6;512,6;515,7;0
2024.02.21 11:15;516,8;514,7;516,8;0
2024.02.21 11:27;517,3;513,3;515,9;0
2024.02.21 11:39;517,1;514,1;516;0
2024.02.21 11:50;518,3;513,7;515,5;0
2024.02.21 12:14;518,3;515,4;517,1;0
2024.02.21 12:41;519,4;516,2;517,6;0
2024.02.21 12:56;518,8;514,5;515,7;0
2024.02.21 13:19;519,9;514,5;516,7;0
2024.02.21 13:30;519,4;513,6;515,6;0
2024.02.21 13:42;518,4;514,9;516;0
2024.02.21 13:54;518,4;516,3;515,8;0
2024.02.21 14:12;518,6;513,4;515,7;0
2024.02.21 14:27;518,5;514,5;515,1;0
2024.02.21 14:38;518,5;514,4;514,6;0
2024.02.21 14:50;518,9;513,2;515,6;0
2024.02.21 15:07;518,5;515,5;516,2;0
2024.02.21 15:22;519,1;514,3;515,8;0
2024.02.21 15:35;518,3;513,6;513,8;0
2024.02.21 15:46;517,8;514,7;515,3;0
2024.02.21 15:58;517,7;513;513,5;0
2024.02.21 16:23;517,5;512,8;514,7;0
2024.02.21 16:37;517,9;514,3;514,9;0
2024.02.21 16:48;517,9;513,2;514,7;0
2024.02.21 17:00;518,3;515,3;515,3;0
2024.02.21 17:22;518,8;515,2;515,4;0
2024.02.21 17:34;518,4;513,5;513,8;0
2024.02.21 17:46;518,2;514,2;513,9;0
2024.02.21 17:57;518,4;512,6;514,8;0
2024.02.21 18:23;517,5;514,1;513,5;0
2024.02.21 18:35;518,6;514,2;514,3;0
2024.02.21 18:47;518,6;513,4;513,6;0
2024.02.21 18:58;518,6;514,8;514,7;0
2024.02.21 19:14;518;516;514,8;0
2024.02.21 19:26;518,6;513;514,3;0
2024.02.21 19:37;517,9;513,2;514,3;0
2024.02.21 19:49;517,9;514,9;514;0
2024.02.21 20:03;518,4;511,9;514,6;0
2024.02.21 20:20;517,9;514,3;514;0
2024.02.21 20:34;518;514,1;516,1;0
2024.02.21 20:45;517,7;512,8;515;0
2024.02.21 20:57;517,2;513,8;514,1;0
2024.02.21 21:15;516;514,4;512,9;0
2024.02.21 21:27;516,9;513,6;515,4;0
2024.02.21 21:39;517,2;515,1;514;0
2024.02.21 21:50;516,8;512,5;513,5;0
2024.02.21 22:09;515,4;511,4;515,3;0
2024.02.21 22:25;519,2;513,4;514,3;0
2024.02.21 22:37;517,5;512,9;514,6;0
2024.02.21 22:49;517,7;514,4;515,2;0
2024.02.21 23:03;517,8;513,2;515,1;0
2024.02.21 23:20;518,1;515,3;512,9;0
2024.02.21 23:32;517,7;517,1;512,7;0
2024.02.21 23:43;517,2;516,6;513,8;0
2024.02.21 23:55;517,7;516,2;512;0
2024.02.22 01:05;518,8;516,8;512,7;0
2024.02.22 01:55;519,7;518,5;513,3;0
2024.02.22 02:19;519,5;517,7;515,8;0
2024.02.22 02:31;518,5;517,3;512,8;0
2024.02.22 02:43;519,2;517,8;514,2;0
2024.02.22 02:55;519,3;517,7;514,3;0
2024.02.22 03:15;518,9;518,1;514,2;0
2024.02.22 03:27;519,7;517,7;514,1;0
2024.02.22 03:38;519,2;518,2;514;0
2024.02.22 03:50;519,1;517,7;513,1;0
2024.02.22 04:09;519,5;516,6;514,3;0
2024.02.22 04:25;518,6;517,6;512,8;0
2024.02.22 04:38;518,9;517,1;513,8;0
2024.02.22 04:49;519,1;517,2;513,8;0
2024.02.22 05:06;519,9;518,3;514,9;0
2024.02.22 05:25;518,4;515,5;512,2;0
2024.02.22 05:37;518,4;517,1;512,9;0
2024.02.22 05:49;518,4;517,5;515,1;0
2024.02.22 06:07;519;516,5;514,4;0
2024.02.22 06:27;519,5;518,2;513,9;0
2024.02.22 06:38;518,6;517,4;514,4;0
2024.02.22 06:50;518,9;516,7;514,8;0
2024.02.22 07:07;518,1;517,6;512,6;0
2024.02.22 07:20;518,7;515;513;0
2024.02.22 07:32;518,6;517;513,2;0
2024.02.22 07:43;518,1;515,8;512,8;0
2024.02.22 07:55;518,5;516,1;513;0
2024.02.22 08:19;517,5;513,9;512,7;0
2024.02.22 08:31;518,4;513,6;512,4;0
2024.02.22 08:43;518,1;515,1;512,6;0
2024.02.22 08:55;518,6;514,3;512,8;0
2024.02.22 09:15;518,1;515,5;512,6;0
2024.02.22 09:28;517,8;513,6;512;0
2024.02.22 09:39;517,8;516;513;0
2024.02.22 09:51;517,2;514,7;512,1;0
2024.02.22 10:09;518;515,7;512,7;0
2024.02.22 10:27;517,5;513,8;512,2;0
2024.02.22 10:39;518,6;514,6;512,4;0
2024.02.22 10:51;518,8;516,6;514;0
2024.02.22 11:06;519,3;513,6;512,2;0
2024.02.22 11:18;519,8;517,1;514;0
2024.02.22 11:30;519,6;514,8;513,9;0
2024.02.22 11:41;520,1;514,9;514,4;0
2024.02.22 11:53;519,5;514,8;513;0
2024.02.22 12:20;518,9;512,7;512,5;0
2024.02.22 12:43;519,3;514,6;511,7;0
2024.02.22 12:57;519,8;513,5;512,7;0
2024.02.22 13:20;519,5;514,8;513,6;0
2024.02.22 13:32;519,9;515,6;513,3;0
2024.02.22 13:44;519,6;515,6;514,5;0
2024.02.22 13:55;520,1;514,3;513,9;0
2024.02.22 14:16;519,8;514,4;510,5;0
2024.02.22 14:30;519,1;514;511,8;0
2024.02.22 14:41;519,9;515,1;513,8;0
2024.02.22 14:53;519,7;513,4;513,7;0
2024.02.22 15:12;519,3;513,8;511,1;0
2024.02.22 15:25;520,1;516,2;513,7;0
2024.02.22 15:37;518,6;516,1;513,7;0
2024.02.22 15:48;519,5;516,9;514,9;0
2024.02.22 16:02;519,5;516,2;513,7;0
2024.02.22 16:25;519;515;512,6;0
2024.02.22 16:38;519,3;516,9;514,5;0
2024.02.22 16:50;519,5;517;513,3;0
2024.02.22 17:07;518,9;517,2;513,1;0
2024.02.22 17:24;518,7;517,6;513,6;0
2024.02.22 17:35;519,3;517,4;513,4;0
2024.02.22 17:47;519,1;517,5;512,6;0
2024.02.22 17:59;518;517,2;512;0
2024.02.22 18:23;518,6;516,2;512,7;0
2024.02.22 18:35;518;515,7;512,4;0
2024.02.22 18:47;518,2;516,1;513,1;0
2024.02.22 18:58;518,8;515,7;513,1;0
2024.02.22 19:14;519,2;516,7;514,4;0
2024.02.22 19:26;518,3;515,7;513,3;0
2024.02.22 19:37;518,8;516,4;512,9;0
2024.02.22 19:49;518,4;516,2;510,9;0
2024.02.22 20:03;519;517,4;513,1;0
2024.02.22 20:20;518,6;514,4;513,5;0
2024.02.22 20:33;517,4;514,5;513,1;0
2024.02.22 20:45;517,5;515,6;512,7;0
2024.02.22 20:56;518,1;514,7;511,7;0
2024.02.22 21:15;517,7;514,3;515,3;0
2024.02.22 21:26;516,8;515;512,1;0
2024.02.22 21:38;517,9;514,8;513,8;0
2024.02.22 21:49;517,4;515,3;514;0
2024.02.22 22:06;517,9;517,7;514,9;0
2024.02.22 22:24;516,2;513,8;512,3;0
2024.02.22 22:35;517,4;516,4;513,9;0
2024.02.22 22:47;517,3;515,2;512,7;0
2024.02.22 22:59;516,7;512,8;512,3;0
2024.02.22 23:22;516,6;513,9;514,1;0
2024.02.22 23:34;515,6;516,1;513,9;0
2024.02.22 23:45;515,9;513,3;512,5;0
2024.02.22 23:57;514,6;514,2;512,9;0
2024.02.23 01:15;516,4;513,5;513,7;0
2024.02.23 01:56;517,8;515,2;512,8;0
2024.02.23 02:22;517,8;515,7;513,3;0
2024.02.23 02:34;516,9;515,9;514,4;0
2024.02.23 02:46;517,7;514;513,8;0
2024.02.23 02:57;518;515,2;514,1;0
2024.02.23 03:18;516,2;514,8;512,9;0
2024.02.23 03:30;517,1;514,5;513,5;0
2024.02.23 03:42;517,9;516,1;514,3;0
2024.02.23 03:55;517,7;514,9;513,5;0
2024.02.23 04:16;518,3;514,8;513,5;0
2024.02.23 04:28;516,8;515,5;513,7;0
2024.02.23 04:40;517,3;515,4;513,6;0
2024.02.23 04:52;517,7;514,1;514,6;0
2024.02.23 05:11;517,2;516,1;513,5;0
2024.02.23 05:26;517,4;515,7;512;0
2024.02.23 05:38;517,7;515,4;513,6;0
2024.02.23 05:50;518,4;514,8;514,4;0
2024.02.23 06:09;517,3;514,1;513,5;0
2024.02.23 06:27;517,4;517,1;512,6;0
2024.02.23 06:39;517,5;514,4;511,1;0
2024.02.23 06:51;517,7;516,3;513,4;0
2024.02.23 07:10;517,7;514,5;513,5;0
2024.02.23 07:23;518,3;515,4;513,9;0
2024.02.23 07:35;517,7;514,9;513,8;0
2024.02.23 07:47;517,5;512,2;512,6;0
2024.02.23 07:59;516,3;515,1;511,8;0
2024.02.23 08:23;517,3;516,6;514,1;0
2024.02.23 08:35;517,8;515,8;513,3;0
2024.02.23 08:46;517,5;514,3;511,7;0
2024.02.23 08:58;518,3;517,3;512,9;0
2024.02.23 09:17;516,9;516,5;514;0
2024.02.23 09:29;517,7;516;510,6;0
2024.02.23 09:40;516,7;515,5;512,4;0
2024.02.23 09:52;517,1;514,1;513,5;0
2024.02.23 10:12;517,7;515,6;513,2;0
2024.02.23 10:30;517,9;516,7;513,8;0
2024.02.23 10:41;519,1;516,9;514,6;0
2024.02.23 10:53;518,8;515,2;513,1;0
2024.02.23 11:10;518,5;514,3;512,4;0
2024.02.23 11:22;518,7;517,2;512,4;0
2024.02.23 11:34;518,8;515,3;511,5;0
2024.02.23 11:46;518,3;516,2;513,2;0
2024.02.23 11:57;518,9;516,6;512,5;0
2024.02.23 12:32;519,6;516,1;513,1;0
2024.02.23 12:50;520;517,1;513,9;0
2024.02.23 13:07;519;516,3;512,2;0
2024.02.23 13:22;518,4;516,4;512,2;0
2024.02.23 13:34;519,4;515,1;512,2;0
2024.02.23 13:46;518,4;514,3;512;0
2024.02.23 13:58;518,4;513,8;512,3;0
2024.02.23 14:17;518,5;515,8;512,7;0
2024.02.23 14:29;518;515,6;512,2;0
2024.02.23 14:40;518,8;515,4;513,5;0
2024.02.23 14:52;518,4;514,3;513,6;0
2024.02.23 15:11;518,4;514,5;513,3;0
2024.02.23 15:26;518,2;516,5;513,9;0
2024.02.23 15:37;517,8;514,9;513,7;0
2024.02.23 15:49;519,6;516,1;514,7;0
2024.02.23 16:07;519;516,9;514,1;0
2024.02.23 16:27;517,8;514,7;514;0
2024.02.23 16:38;519,2;514,4;513,3;0
2024.02.23 16:50;518,8;517;514,5;0
2024.02.23 17:07;518,2;514,9;512;0
2024.02.23 17:26;518,9;517,4;513,6;0
2024.02.23 17:37;519,1;517,3;513;0
2024.02.23 17:49;519,2;516,9;513,3;0
2024.02.23 18:07;519,8;516,9;514,2;0
2024.02.23 18:27;519,7;516,5;513,9;0
2024.02.23 18:38;519,1;515,5;512,5;0
2024.02.23 18:50;519;517,3;513,3;0
2024.02.23 19:08;519;516,8;513;0
2024.02.23 19:20;519,8;516,3;515,1;0
2024.02.23 19:32;519,3;516;512,6;0
2024.02.23 19:43;518,8;517,9;513,9;0
2024.02.23 19:55;518,4;516,4;512,1;0
2024.02.23 20:17;518;516,5;513,5;0
2024.02.23 20:29;518,4;515,1;512,6;0
2024.02.23 20:40;518,5;515,1;512,9;0
2024.02.23 20:52;518;515,6;510,7;0
2024.02.23 21:09;518,1;517;512,2;0
2024.02.23 21:21;518;515,6;514;0
2024.02.23 21:32;518,2;514,3;513,6;0
2024.02.23 21:44;518,5;516,3;513,8;0
2024.02.23 21:55;518;516,5;513,2;0
2024.02.23 22:14;518,4;514,1;515,2;0
2024.02.23 22:27;517,4;515,3;512,2;0
2024.02.23 22:39;518,3;515,1;512,5;0
2024.02.23 22:50;518,2;516,6;513,3;0
2024.02.23 23:07;517,7;509,1;513,1;0
2024.02.23 23:20;518,1;508,4;512,8;0
2024.02.23 23:32;518,9;510,6;514,3;0
2024.02.23 23:44;516,3;510,1;513,9;0
2024.02.23 23:56;517,1;506,9;511,9;0
2024.02.24 01:09;517,9;507,8;512,2;0
2024.02.24 01:53;517,5;507,5;513,3;0
2024.02.24 02:15;517,9;509,2;512,1;0
2024.02.24 02:26;517,5;509;514;0
2024.02.24 02:38;517,9;507,3;513,9;0
2024.02.24 02:49;517,1;507,7;512,9;0
2024.02.24 03:10;518,1;507,4;512,8;0
2024.02.24 03:24;517,5;508,5;512,6;0
2024.02.24 03:36;518,1;508,5;511,5;0
2024.02.24 03:48;517,9;508,5;513,5;0
2024.02.24 03:59;518,2;508,4;514,2;0
2024.02.24 04:22;517,4;508;513,1;0
2024.02.24 04:34;518,3;510,5;515;0
2024.02.24 04:46;517,9;507,5;514,1;0
2024.02.24 04:57;517,5;507,7;511,5;0
2024.02.24 05:19;517,5;507,5;511;0
2024.02.24 05:31;518;509,5;513,1;0
2024.02.24 05:42;518,4;508,1;512,7;0
2024.02.24 05:54;518,2;508;512,3;0
2024.02.24 06:16;518,2;509;513,2;0
2024.02.24 06:28;517,8;508,3;512,4;0
2024.02.24 06:40;518,4;507,9;512,6;0
2024.02.24 06:51;518,5;508,4;512,9;0
2024.02.24 07:08;518,6;507,4;513,4;0
2024.02.24 07:20;517,3;507,5;512,7;0
2024.02.24 07:32;517,9;508,3;512,8;0
2024.02.24 07:43;518,8;509,2;512,9;0
2024.02.24 07:55;517,3;506,8;512,9;0
2024.02.24 08:17;518,8;508,1;514,4;0
2024.02.24 08:29;517,3;508;513,8;0
2024.02.24 08:40;517,3;508,8;512,4;0
2024.02.24 08:52;518,1;507,4;511,4;0
2024.02.24 09:09;517,7;508,2;511,6;0
2024.02.24 09:20;517,5;511,4;514;0
2024.02.24 09:32;517,5;509,1;513,8;0
2024.02.24 09:43;516,6;509,2;512,6;0
2024.02.24 09:55;517,3;509,4;513,7;0
2024.02.24 10:17;517,2;512,3;514,1;0
2024.02.24 10:31;517,9;511,3;512,4;0
2024.02.24 10:42;517,5;511,2;514,6;0
2024.02.24 10:54;517,3;511,3;513,6;0
2024.02.24 11:10;517,2;512,6;515;0
2024.02.24 11:22;518,4;510,8;513,2;0
2024.02.24 11:35;517,2;510,7;513,2;0
2024.02.24 11:46;516,4;508,8;511,7;0
2024.02.24 11:58;517,5;509,4;513;0
2024.02.24 12:30;517,5;510,2;513,2;0
2024.02.24 12:48;517,5;512;513,5;0
2024.02.24 12:59;517,5;511,4;513,8;0
2024.02.24 13:21;518;511,1;513,2;0
2024.02.24 13:32;517,1;511,3;512,9;0
2024.02.24 13:44;518,2;511,9;512,6;0
2024.02.24 13:56;517,1;510,5;513,5;0
2024.02.24 14:13;516,9;509,2;511,6;0
2024.02.24 14:25;517,4;509,7;513,8;0
2024.02.24 14:37;517,3;511;512,9;0
2024.02.24 14:48;517,9;512,3;515,1;0
2024.02.24 14:59;517,3;511,1;514,6;0
2024.02.24 15:19;516,8;508,4;511,9;0
2024.02.24 15:31;516,8;510,5;513;0
2024.02.24 15:42;517,5;513;513,7;0
2024.02.24 15:54;516,6;513,1;515,1;0
2024.02.24 16:15;515,7;506,7;511,1;0
2024.02.24 16:29;518,1;512,8;514,4;0
2024.02.24 16:41;517,2;510,4;511,5;0
2024.02.24 16:52;517;511,8;513,9;0
2024.02.24 17:11;516,5;508,8;512,1;0
2024.02.24 17:28;517,3;509,8;513,1;0
2024.02.24 17:40;517,9;514,5;515,6;0
2024.02.24 17:52;517;511,4;514,2;0
2024.02.24 18:12;516,8;509,8;512;0
2024.02.24 18:27;513,2;508,9;512,9;0
2024.02.24 18:39;517,9;510;513,5;0
2024.02.24 18:51;517,8;509,4;513;0
2024.02.24 19:06;518,3;509,4;513;0
2024.02.24 19:18;517,1;510,1;512,5;0
2024.02.24 19:29;518,1;511,5;512,6;0
2024.02.24 19:41;517,9;511,4;514,4;0
2024.02.24 19:52;518,2;509,7;513,7;0
2024.02.24 20:10;517,9;510,7;513,5;0
2024.02.24 20:21;518,1;510,5;513,3;0
2024.02.24 20:34;517,9;510,3;513,5;0
2024.02.24 20:45;517,5;510,2;512,2;0
2024.02.24 20:57;518;509;512,9;0
2024.02.24 21:14;517,5;511,5;512,8;0
2024.02.24 21:25;518,1;511,8;513,6;0
2024.02.24 21:37;518,7;509,7;512,7;0
2024.02.24 21:49;517,3;511,2;512,8;0
2024.02.24 22:02;517,7;511,1;512,2;0
2024.02.24 22:22;517,8;510,6;514,4;0
2024.02.24 22:35;517,9;510,4;511,4;0
2024.02.24 22:46;518,6;511,1;513,5;0
2024.02.24 22:58;517;509,5;512,6;0
2024.02.24 23:19;517,7;508,9;512,7;0
2024.02.24 23:30;517,2;511;514,7;0
2024.02.24 23:42;517,9;511,6;512,6;0
2024.02.24 23:53;518,4;510,5;514,1;0
2024.02.25 01:01;517,8;511,3;514,5;0
2024.02.25 01:57;516,9;510,7;513,1;0
2024.02.25 02:24;517;509,8;511,6;0
2024.02.25 02:39;517,4;509,8;512,6;0
2024.02.25 02:50;517,3;512,1;513,1;0
2024.02.25 03:08;517,5;510,5;514,2;0
2024.02.25 03:24;516,9;511,2;513,3;0
2024.02.25 03:36;517,8;511,3;512,2;0
2024.02.25 03:47;517,5;511,8;512,7;0
2024.02.25 03:59;517,2;508;512,7;0
2024.02.25 04:23;517,7;511,8;512,4;0
2024.02.25 04:34;517,7;510,7;513,5;0
2024.02.25 04:46;518,7;508,9;511,8;0
2024.02.25 04:58;518,1;509;513,9;0
2024.02.25 05:18;518,6;507,9;511,8;0
2024.02.25 05:29;518,5;510,3;512,3;0
2024.02.25 05:41;517,6;512,6;513,1;0
2024.02.25 05:52;518,3;511,1;514,7;0
2024.02.25 06:13;518,4;508,7;513,6;0
2024.02.25 06:27;519,3;510,2;513,5;0
2024.02.25 06:39;518,9;512;513,3;0
2024.02.25 06:51;518,5;510;513,3;0
2024.02.25 07:08;518,8;512,3;514;0
2024.02.25 07:21;518,4;510,6;513,9;0
2024.02.25 07:33;517,8;508,1;513;0
2024.02.25 07:45;517,9;510;511,5;0
2024.02.25 07:56
2024.02.25 08:19;519,1;511,4;512,7;0
2024.02.25 08:31;518,1;509;513,1;0
2024.02.25 08:42;518,1;510,7;512,7;0
2024.02.25 08:54;517,8;510;512,6;0
2024.02.25 09:12;517,8;510;511,8;0
2024.02.25 09:23;517,6;510,6;512,2;0
2024.02.25 09:36;518,4;508,8;512,4;0
2024.02.25 09:47;518,6;509,8;513,4;0
2024.02.25 09:59;517,8;509,5;512,1;0
2024.02.25 10:20;518,6;512,5;514,2;0
2024.02.25 10:32;517,4;510,5;512,9;0
2024.02.25 10:43;517,4;509,9;512,6;0
2024.02.25 10:55;517;510,3;512,5;0
2024.02.25 11:12;517;512,4;513,8;0
2024.02.25 11:23;517,5;511,1;513,3;0
2024.02.25 11:36;517,9;510,1;513,7;0
2024.02.25 11:47;518,7;513,2;514,4;0
2024.02.25 11:59;518,3;509,7;513,9;0
2024.02.25 12:31;517,6;509,3;512,1;0
2024.02.25 12:48;518;511,8;514,3;0
2024.02.25 13:00;517,3;510;513;0
2024.02.25 13:19;519;512,6;513,9;0
2024.02.25 13:31;518,4;510,7;513,8;0
2024.02.25 13:42;518,3;510,7;513,3;0
2024.02.25 13:54;517,7;510,4;511,8;0
2024.02.25 14:12;518,8;510;513,2;0
2024.02.25 14:25;518,4;509,4;513,1;0
2024.02.25 14:37;518,3;510,1;512,7;0
2024.02.25 14:48;519,5;511,3;514,6;0
2024.02.25 15:00;518,8;510,9;513,6;0
2024.02.25 15:17;518,8;507;512,4;0
2024.02.25 15:29;518,6;508,8;513,1;0
2024.02.25 15:40;518,5;510,8;513,6;0
2024.02.25 15:51;519,1;510,9;512,6;0
2024.02.25 16:12;518,6;506,6;511,6;0
2024.02.25 16:30;518,7;509,7;513,2;0
2024.02.25 16:42;518,2;509,2;513,2;0
2024.02.25 16:53;519,7;512,7;514,7;0
2024.02.25 17:11;517,8;508;512,3;0
2024.02.25 17:26;518,8;510,7;513,5;0
2024.02.25 17:38;518,6;510,2;512;0
2024.02.25 17:49;519;510,2;513,7;0
2024.02.25 18:07;519;511;512,8;0
2024.02.25 18:25;519;512,1;513,5;0
2024.02.25 18:37;519,3;510,4;515,1;0
2024.02.25 18:48;518,8;509,2;514,2;0
2024.02.25 19:00;519,2;510;514,9;0
2024.02.25 19:16;518,8;512,7;516,6;0
2024.02.25 19:27;518,4;511;515,2;0
2024.02.25 19:39;518,9;509,8;514,7;0
2024.02.25 19:51;518,7;511,9;514,9;0
2024.02.25 20:08;519;511;515,2;0
2024.02.25 20:21;518,1;512,5;515,1;0
2024.02.25 20:33;518,6;510,9;515,1;0
2024.02.25 20:44;518,4;510,9;514,5;0
2024.02.25 20:56;518,4;508,8;514,2;0
2024.02.25 21:15;518,6;511,4;513,7;0
2024.02.25 21:27;518,8;509,6;514,5;0
2024.02.25 21:38;518,2;510,7;515,1;0
2024.02.25 21:50;517,2;510,3;514,3;0
2024.02.25 22:06;518,1;510,8;514,6;0
2024.02.25 22:24;518,2;509,2;513,3;0
2024.02.25 22:36;519,1;510,5;514,8;0
2024.02.25 22:48;518,7;510,3;515,2;0
2024.02.25 22:59;518,3;508,7;513,2;0
2024.02.25 23:18;519;510;513,9;0
2024.02.25 23:30;519,1;512,2;513,4;0
2024.02.25 23:42;518,2;513,5;514,8;0
2024.02.25 23:53;518,6;514;515,3;0
2024.02.26 00:57;517,3;511,2;515,3;0
2024.02.26 01:54;518;512,5;516,5;0
2024.02.26 02:22;518,3;514,9;517,2;0
2024.02.26 02:36;518,2;514,1;516,8;0
2024.02.26 02:48;518,2;514,4;518,5;0
2024.02.26 02:59;518;513;516,8;0
2024.02.26 03:20;518,2;514,5;517,4;0
2024.02.26 03:33;518,1;515,1;518;0
2024.02.26 03:45;518,2;513;518,8;0
2024.02.26 03:56;517,9;514,5;517,1;0
2024.02.26 04:22;517,5;514,5;517,4;0
2024.02.26 04:33;518,2;514;516,8;0
2024.02.26 04:45;518,2;513,6;517,4;0
2024.02.26 04:56;518;513,2;516,9;0
2024.02.26 05:18;518,4;513,7;517,8;0
2024.02.26 05:29;518;513,8;516,9;0
2024.02.26 05:41;517,9;514,1;517,7;0
2024.02.26 05:52;517,5;512,9;516,2;0
2024.02.26 06:16;518,2;514,3;516,1;0
2024.02.26 06:31;518;514,7;517,5;0
2024.02.26 06:42;519;514,1;517,5;0
2024.02.26 06:54;517,8;512,4;515,4;0
2024.02.26 07:14;518;513,8;514,7;0
2024.02.26 07:26;518,2;513,9;516;0
2024.02.26 07:38;519,5;514,6;517;0
2024.02.26 07:49;518;513,6;515,7;0
2024.02.26 08:09;518;513,1;515,1;0
2024.02.26 08:29;518,1;511,6;514,8;0
2024.02.26 08:41;517,9;514,2;514,8;0
2024.02.26 08:52;518;513,9;516,1;0
2024.02.26 09:12;518,4;514,5;515,3;0
2024.02.26 09:25;518,6;514,4;515,5;0
2024.02.26 09:37;518,2;513;514,5;0
2024.02.26 09:48;519,2;515,4;515,9;0
2024.02.26 10:02;518,6;513,6;514,7;0
2024.02.26 10:25;518,2;512;513,1;0
2024.02.26 10:36;518,2;512;514,3;0
2024.02.26 10:48;518,7;513,3;514,1;0
2024.02.26 10:59;518,2;515,7;514,9;0
2024.02.26 11:14;518,8;513,3;513,6;0
2024.02.26 11:26;519;514;515,1;0
2024.02.26 11:37;519,8;514;515,5;0
2024.02.26 11:49;519,3;515,4;515,3;0
2024.02.26 12:10;519,9;514,7;515,3;0
2024.02.26 12:39;519,3;514,2;515,5;0
2024.02.26 12:55;518,9;514,2;515,7;0
2024.02.26 13:16;518,6;514,5;516,1;0
2024.02.26 13:28;518,2;513,3;512,9;0
2024.02.26 13:40;518;514,6;513,3;0
2024.02.26 13:51;518;514,5;515,4;0
2024.02.26 14:10;518,6;514,9;515,6;0
2024.02.26 14:27;518,4;513,9;514,3;0
2024.02.26 14:39;517,4;514,6;515,8;0
2024.02.26 14:51;517;514,7;514,3;0
2024.02.26 15:09;517,2;514,4;515,6;0
2024.02.26 15:24;517,3;514,1;516,6;0
2024.02.26 15:36;518;514,7;516,2;0
2024.02.26 15:47;517,3;513,8;515,2;0
2024.02.26 15:59;518;515,5;516,1;0
2024.02.26 16:24;518,8;513,4;515;0
2024.02.26 16:37;517,7;512,7;514;0
2024.02.26 16:48;517,7;513;516,3;0
2024.02.26 17:00;518,4;515,1;515,2;0
2024.02.26 17:19;518,2;512,5;514;0
2024.02.26 17:31;517,7;513,1;515,4;0
2024.02.26 17:42;518,5;515,2;516,4;0
2024.02.26 17:54;517,7;512,7;514;0
2024.02.26 18:17;518,5;513,4;514,8;0
2024.02.26 18:29;518,8;513,9;514,4;0
2024.02.26 18:41;519,7;516,4;517;0
2024.02.26 18:57;518,9;514,2;515,6;0
2024.02.26 19:09;519,7;515,4;517,1;0
2024.02.26 19:21;519,2;513,5;514,8;0
2024.02.26 19:32;519,9;513,7;515,8;0
2024.02.26 19:44;519,4;514,6;515,7;0
2024.02.26 19:55;519,3;514,1;516,2;0
2024.02.26 20:16;519,3;514,6;514,6;0
2024.02.26 20:30;520;514;515,4;0
2024.02.26 20:40;519,8;514,3;513,9;0
2024.02.26 20:52;520,1;512,6;515,2;0
2024.02.26 21:10;519,1;513,6;513,7;0
2024.02.26 21:23;519,5;514,8;515,4;0
2024.02.26 21:35;519,4;514;514,4;0
2024.02.26 21:47;520;513,7;513,9;0
2024.02.26 21:58;519,8;514,7;515,9;0
2024.02.26 22:20;519,7;515,8;517,1;0
2024.02.26 22:31;519;514,4;516;0
2024.02.26 22:43;519,2;512,7;514,7;0
2024.02.26 22:55;520;514;516,1;0
2024.02.26 23:15;519,2;514,6;514,4;0
2024.02.26 23:27;519;516,3;512,4;0
2024.02.26 23:39;519;514,7;513,6;0
2024.02.26 23:50;518,4;515,5;513,5;0
2024.02.27 00:36;519,2;516;513,8;0
2024.02.27 01:33;519,1;515,6;513,6;0
2024.02.27 02:04;519;517,2;514,5;0
2024.02.27 02:24;519;515,2;514,2;0
2024.02.27 02:36;518,2;517;514,1;0
2024.02.27 02:47;517,3;516,6;513,3;0
2024.02.27 02:59;516,9;516,8;514,4;0
2024.02.27 03:20;517,4;515,5;513,1;0
2024.02.27 03:31;517,4;516,9;514,9;0
2024.02.27 03:43;516,5;515,8;514,3;0
2024.02.27 03:54;517,7;518,2;514,4;0
2024.02.27 04:17;517,8;516,1;512,6;0
2024.02.27 04:30;517,3;516,7;514,6;0
2024.02.27 04:42;518,1;517,5;514,2;0
2024.02.27 04:53;518,3;516,9;513,8;0
2024.02.27 05:13;517,5;516,1;513,5;0
2024.02.27 05:27;517,5;515,2;513,7;0
2024.02.27 05:38;518,3;516,8;515,1;0
2024.02.27 05:50;518,1;515;515,5;0
2024.02.27 06:10;518,1;516,7;515,3;0
2024.02.27 06:27;517,1;515,6;513,3;0
2024.02.27 06:38;517,6;514,9;513,7;0
2024.02.27 06:50;517,8;515,8;514,9;0
2024.02.27 07:09;517,2;513,8;513,9;0
2024.02.27 07:22;517,2;513,4;514;0
2024.02.27 07:36;517,4;514,7;513,1;0
2024.02.27 07:48;516,6;513,2;513,5;0
2024.02.27 07:59;517,4;514;513;0
2024.02.27 08:22;517,5;515,7;513,6;0
2024.02.27 08:35;516,6;513,2;512,6;0
2024.02.27 08:46;516,2;513,4;512,6;0
2024.02.27 08:58;517;514,4;514,4;0
2024.02.27 09:18;517,4;514;513,8;0
2024.02.27 09:30;517,9;515,4;513,5;0
2024.02.27 09:42;517,9;515,4;513,5;0
2024.02.27 09:53;518,1;514,8;513,4;0
2024.02.27 10:14;517,6;515,1;513,6;0
2024.02.27 10:30;517,5;513,7;514,1;0
2024.02.27 10:42;517,5;515,3;513;0
2024.02.27 10:53;517,5;515,3;513;0
2024.02.27 11:10;517,9;512,8;512,6;0
2024.02.27 11:21;518,1;512,7;514,2;0
2024.02.27 11:34;517,5;513,8;514,1;0
2024.02.27 11:46;517,9;513,9;512,8;0
2024.02.27 11:57;516,9;514,2;513,1;0
2024.02.27 12:31;517,4;513,9;513,5;0
2024.02.27 12:50;517,2;513,1;513,9;0
2024.02.27 13:08;517,4;513,4;512,5;0
2024.02.27 13:22;517;514,5;514,6;0
2024.02.27 13:34;518,1;513,9;514,8;0
2024.02.27 13:46;517,8;514;513;0
2024.02.27 13:58;517,2;512,8;513,4;0
2024.02.27 14:17;517;512,7;512,9;0
2024.02.27 14:29;517;513,9;513,7;0
2024.02.27 14:41;517,9;514,7;513,9;0
2024.02.27 14:52;517,9;512,8;514;0
2024.02.27 15:11;517,7;513,9;511,3;0
2024.02.27 15:25;517,7;515,3;513,2;0
2024.02.27 15:36;519,1;514,5;513,8;0
2024.02.27 15:48;519,9;515,7;514,4;0
2024.02.27 15:59;519,3;513,1;512,7;0
2024.02.27 16:24;518,9;514,6;515;0
2024.02.27 16:38;519,3;515;513,7;0
2024.02.27 16:49;519,4;515,5;514,6;0
2024.02.27 17:07;519,1;514,7;515;0
2024.02.27 17:26;518,8;515,8;514,9;0
2024.02.27 17:38;519,1;515,3;513,9;0
2024.02.27 17:49;518,3;513,6;514,9;0
2024.02.27 18:08;518,7;514,3;513,4;0
2024.02.27 18:25;517,1;514,4;512,6;0
2024.02.27 18:38;518;514,2;515,2;0
2024.02.27 18:50;517,8;515,3;516;0
2024.02.27 19:06;516,8;512,6;512;0
2024.02.27 19:17;517,7;514,9;515,3;0
2024.02.27 19:29;517,3;512,7;512,7;0
2024.02.27 19:40;517,1;513,1;513,8;0
2024.02.27 19:52;518,1;513,2;513,7;0
2024.02.27 20:10;516,6;513,3;513,9;0
2024.02.27 20:24;516,1;511,3;512,6;0
2024.02.27 20:36;516,5;513,2;514;0
2024.02.27 20:48;516,2;512,5;514,2;0
2024.02.27 20:59;516,4;513,7;513,5;0
2024.02.27 21:16;516,3;512,9;515,9;0
2024.02.27 21:27;516,5;512,7;514,1;0
2024.02.27 21:39;517,2;515,2;515;0
2024.02.27 21:51;517,1;512,4;515,5;0
2024.02.27 22:09;516,3;512,6;512,2;0
2024.02.27 22:27;515,7;514,2;513,5;0
2024.02.27 22:38;517;514,4;514,6;0
2024.02.27 22:50;516,2;513,8;515,5;0
2024.02.27 23:06;515,6;514,2;512,8;0
2024.02.27 23:20;515,9;514,2;515,3;0
2024.02.27 23:32;515,5;515,1;513;0
2024.02.27 23:43;515,4;515;515,6;0
2024.02.27 23:55;515,6;514,8;513,8;0
2024.02.28 01:05;516,1;515,2;513,7;0
2024.02.28 01:56;516,9;514,2;514,4;0
2024.02.28 02:23;516,9;515,1;514,8;0
2024.02.28 02:34;516,9;515,3;514;0
2024.02.28 02:46;517,2;515,5;514,9;0
2024.02.28 02:58;516,7;513,8;513,2;0
2024.02.28 03:18;516;515,8;514,7;0
2024.02.28 03:30;516,4;514,9;513,9;0
2024.02.28 03:41;516,3;513,6;514,7;0
2024.02.28 03:53;516,1;512,6;514;0
2024.02.28 04:15;516,4;513,8;513,3;0
2024.02.28 04:29;515,5;513,6;513,6;0
2024.02.28 04:41;517,3;515,3;515,7;0
2024.02.28 04:53;516,6;513,5;513,5;0
2024.02.28 05:12;516,3;513,4;513,1;0
2024.02.28 05:27;517,5;514,5;513,8;0
2024.02.28 05:39;516,6;513,4;514,9;0
2024.02.28 05:50;517,4;514,2;515,4;0
2024.02.28 06:10;516,5;514,4;514,8;0
2024.02.28 06:27;517,8;515,4;515,2;0
2024.02.28 06:39;517;513,1;514,1;0
2024.02.28 06:51;517;513,3;512,5;0
2024.02.28 07:08;516,4;514;514,1;0
2024.02.28 07:20;517,6;516,3;515,8;0
2024.02.28 07:32;516,8;513,9;514;0
2024.02.28 07:43;516,6;513,7;513,9;0
2024.02.28 07:55;516,4;514,8;512,2;0
2024.02.28 08:19;517,9;515,6;514,4;0
2024.02.28 08:30;516;514,7;513,6;0
2024.02.28 08:42;516,2;514,4;515,1;0
2024.02.28 08:53;516;514,8;511,8;0
2024.02.28 09:12;516,6;515,3;514,4;0
2024.02.28 09:24;515;513,2;512,2;0
2024.02.28 09:37;516,9;514,8;512,3;0
2024.02.28 09:49;517;515,2;513,9;0
2024.02.28 10:05;516,6;514,3;512,7;0
2024.02.28 10:28;517,1;515,4;514,5;0
2024.02.28 10:39;517;515;513;0
2024.02.28 10:51;517,4;514,4;513,3;0
2024.02.28 11:09;517,5;514,9;513,4;0
2024.02.28 11:22;517,5;514,7;513,9;0
2024.02.28 11:34;516;514,4;512,6;0
2024.02.28 11:46;517,1;514,5;513,1;0
2024.02.28 11:57;517,4;515,3;514;0
2024.02.28 12:32;517,4;515,3;513,3;0
2024.02.28 12:50;517,1;514,4;514,1;0
2024.02.28 13:08;516,6;512,4;513,4;0
2024.02.28 13:22;517,2;514,7;514,9;0
2024.02.28 13:34;517,5;514,6;514,7;0
2024.02.28 13:46;516,6;514,7;515,5;0
2024.02.28 13:57;516;513,7;512;0
2024.02.28 14:16;514,6;513,7;513,5;0
2024.02.28 14:28;516,4;513,9;513,3;0
2024.02.28 14:40;517;515,7;515;0
2024.02.28 14:51;516,2;514,9;515;0
2024.02.28 15:09;516,4;514,7;514,6;0
2024.02.28 15:23;515,5;515,1;513,5;0
2024.02.28 15:36;516,3;515,1;514,6;0
2024.02.28 15:47;516,2;514,3;512,6;0
2024.02.28 15:59;515,3;514,6;514,3;0
2024.02.28 16:24;517,3;515,2;513,7;0
2024.02.28 16:38;517,9;516,2;513,9;0
2024.02.28 16:49;517,5;514,9;514,4;0
2024.02.28 17:06;518;514,8;514,3;0
2024.02.28 17:25;518,6;515,1;515,1;0
2024.02.28 17:37;518,1;516,8;515,8;0
2024.02.28 17:49;518,5;514,9;514,2;0
2024.02.28 18:07;518,4;514,7;514;0
2024.02.28 18:26;518,6;512,5;512,6;0
2024.02.28 18:37;518,8;515,2;514;0
2024.02.28 18:49;518,7;514,2;514;0
